null1,null2,bsA
-83751.498733,-83751.498793,-83751.498775
-83841.411249,-83840.929127,-83841.411279
-83519.304828,-83519.292772,-83519.292992
-83563.912241,-83563.819352,-83563.265591
-84597.030806,-84596.982395,-84596.971445
-84049.410089,-84049.410123,-84049.410121
-83494.854978,-83493.947955,-83493.795947
-84092.670015,-84092.656859,-84092.653002
-84668.494014,-84668.494014,-84668.494015
-84039.006087,-84038.819340,-84038.821163
-83094.064199,-83094.064201,-83094.064201
-83818.841926,-83818.146784,-83818.146781
-83792.446478,-83790.782870,-83790.447956
-84131.781867,-84131.781877,-84131.790943
-83447.754150,-83447.754162,-83447.297241
-84311.500941,-84311.500941,-84311.500941
-84898.776136,-84898.244143,-84898.480197
-83852.924759,-83852.924920,-83852.925008
-84572.020580,-84571.386805,-84571.383034
-84009.415745,-84009.415745,-84009.415745
-83992.360396,-83989.158254,-83989.158254
-84256.426122,-84256.426159,-84256.429852
-84442.680646,-84442.680651,-84442.680647
-83423.489236,-83422.831620,-83422.815367
-82811.290794,-82811.290796,-82811.290797
-84035.327604,-84034.826037,-84034.815854
-84052.067621,-84051.982440,-84051.981173
-84838.474056,-84838.431261,-84838.428510
-83534.993569,-83534.824511,-83534.824951
-84766.052902,-84765.921858,-84765.920642
-83459.009619,-83459.009620,-83459.009623
-84337.169481,-84337.169503,-84337.169504
-83331.415644,-83331.415717,-83331.415764
-83902.185076,-83902.185092,-83901.553048
-84281.775934,-84281.761870,-84281.761835
-83854.966288,-83854.926512,-83854.698480
-83244.407349,-83243.643991,-83243.643991
-83885.657277,-83885.594987,-83885.594286
-84604.468916,-84604.470610,-84604.468921
-83411.865300,-83411.865300,-83411.758513
-84541.605993,-84541.488368,-84541.488962
-84200.564369,-84200.564467,-84200.564456
-84610.505042,-84609.820239,-84609.647906
-84396.235373,-84396.235415,-84396.235374
-84859.585086,-84859.585089,-84859.585087
-83935.958578,-83935.835237,-83935.837647
-83621.654690,-83621.654707,-83621.654702
-84067.609306,-84067.587848,-84067.588015
-83890.995365,-83890.995491,-83890.995375
-83207.909990,-83207.651731,-83207.650499
-84021.667780,-84021.613763,-84021.613751
-83855.955922,-83855.949146,-83855.948076
-84389.534796,-84389.534797,-84389.534932
-84225.549749,-84225.549770,-84225.549757
-82961.602980,-82961.602991,-82961.602996
-83790.909045,-83790.663761,-83790.499438
-83557.857912,-83557.857929,-83557.481279
-83130.592107,-83130.592313,-83130.592226
-83534.830703,-83534.830729,-83534.830730
-82614.855459,-82614.855481,-82614.855468
-84948.036702,-84948.036702,-84948.039097
-84007.392977,-84007.392977,-84007.393053
-84117.329055,-84116.504902,-84116.170347
-83624.719921,-83624.719934,-83624.720112
-84036.770837,-84036.770930,-84036.770938
-83077.965613,-83077.965613,-83077.965646
-83985.750655,-83985.750834,-83985.750799
-84213.925049,-84213.925049,-84213.925049
-83347.803757,-83347.813537,-83347.803929
-83579.787023,-83579.793172,-83579.787199
-83873.022545,-83873.022634,-83873.022587
-84044.092744,-84044.092908,-84044.092777
-83631.727820,-83631.448067,-83631.299315
-83644.291356,-83644.291357,-83644.291400
-83850.190868,-83850.190869,-83850.190872
-84939.042451,-84939.042455,-84939.042451
-84269.279659,-84269.279659,-84269.252942
-83757.655697,-83757.655700,-83757.655698
-83872.861269,-83872.861338,-83872.861281
-84373.324613,-84373.061866,-84373.045546
-83552.736165,-83552.736165,-83552.736183
-84037.828835,-84037.757004,-84037.756673
-83690.959949,-83690.959949,-83690.959950
-82970.469398,-82970.469401,-82970.252732
-84269.394378,-84269.394486,-84269.394500
-83803.751227,-83803.751230,-83803.751386
-83552.571754,-83552.369373,-83552.368018
-83611.858647,-83610.852628,-83610.722840
-84311.135085,-84311.099797,-84311.097941
-84426.768428,-84426.768493,-84426.768428
-84345.414375,-84345.414376,-84345.414375
-84779.693712,-84779.693740,-84779.693732
-83794.712981,-83793.645414,-83793.637343
-84827.877693,-84827.871253,-84827.869904
-82611.727685,-82611.727687,-82611.727685
-83591.974717,-83591.974729,-83591.974722
-83700.765272,-83699.795308,-83699.785008
-82596.059979,-82594.613367,-82594.536371
-84635.890328,-84635.890337,-84635.890328
-84250.487213,-84250.079712,-84250.481412
-83493.736859,-83493.736939,-83493.736862
-83890.990632,-83890.990635,-83890.990632
-84164.339044,-84164.339044,-84164.339044
-84243.926871,-84243.926878,-84243.926877
-83462.816834,-83462.816935,-83462.515230
-83550.341889,-83550.342030,-83550.341923
-84612.940483,-84612.940506,-84612.940483
-83513.873527,-83513.873005,-83513.873042
-83617.027662,-83617.027671,-83617.027662
-84901.841418,-84901.841499,-84901.841516
-84275.105122,-84275.105122,-84275.105122
-85007.476897,-85007.476897,-85007.476897
-84026.064374,-84026.064374,-84025.701118
-83697.203874,-83697.203923,-83696.974237
-83176.757798,-83176.757893,-83176.757911
-83473.550211,-83473.394037,-83473.389536
-84097.675289,-84097.675294,-84097.675291
-83671.127766,-83669.105713,-83669.062902
-84637.853374,-84637.854074,-84637.853383
-84731.075910,-84730.837781,-84730.837650
-83242.391394,-83242.391396,-83242.391394
-84883.054171,-84882.743920,-84882.671995
-83741.997100,-83741.997186,-83741.997120
-84428.586786,-84428.586841,-84428.586860
-84035.467493,-84035.467493,-84035.467494
-83606.999823,-83606.999833,-83606.999824
-84068.352966,-84066.292406,-84066.292441
-83819.984655,-83819.889019,-83819.885514
-85775.394194,-85775.342600,-85775.342431
-84453.740226,-84453.740283,-84453.740226
-84244.898527,-84244.898530,-84244.898527
-83878.319928,-83878.272651,-83878.262087
-82911.308937,-82911.245019,-82910.806692
-84472.120074,-84472.120079,-84472.120075
-83802.004429,-83802.004502,-83802.004466
-83720.786357,-83720.617932,-83720.614337
-84219.039557,-84218.163973,-84218.095270
-84034.609747,-84034.461002,-84034.455186
-83235.953777,-83235.953823,-83235.953824
-83691.777081,-83691.777095,-83691.777091
-85169.226716,-85169.226768,-85169.226719
-84095.425379,-84095.425399,-84095.414372
-84070.630591,-84070.627830,-84070.627813
-84058.168670,-84057.857627,-84057.582559
-84696.530370,-84696.530370,-84696.530370
-83851.415603,-83851.415603,-83851.415603
-83351.179291,-83351.179317,-83349.221724
-82877.850009,-82877.835620,-82877.858057
-83706.915366,-83706.531593,-83706.510637
-83751.893519,-83751.893519,-83751.893519
-84383.572441,-84383.572449,-84383.397446
-83939.069878,-83939.045946,-83939.061079
-83933.284765,-83933.284818,-83933.261472
-83815.683282,-83814.956936,-83814.481286
-83741.538942,-83741.373805,-83741.475296
-83797.581559,-83797.546261,-83797.581559
-84183.804918,-84183.028855,-84183.041566
-83887.256024,-83887.256033,-83887.256094
-83035.392459,-83035.392525,-83035.392539
-84652.216536,-84652.216574,-84652.216539
-83700.158431,-83700.158431,-83700.158493
-83660.244569,-83660.244549,-83660.244570
-84264.932133,-84264.887641,-84264.932133
-84275.800989,-84275.802464,-84275.801016
-83392.763658,-83392.762446,-83392.762279
-83935.558136,-83935.558140,-83935.558137
-83540.874467,-83540.861725,-83540.407865
-84537.585711,-84537.553101,-84537.585715
-84457.516678,-84457.516678,-84457.516722
-83645.845718,-83645.845718,-83645.845725
-84362.239475,-84361.397402,-84361.382256
-83846.123683,-83845.365904,-83845.365904
-84367.061560,-84366.467779,-84366.349179
-82727.349879,-82727.338060,-82727.338043
-84520.947023,-84520.947096,-84520.227966
-82712.292097,-82712.199756,-82712.194552
-82602.182753,-82602.182783,-82602.182780
-83249.125280,-83249.125298,-83249.125290
-84404.847984,-84404.847997,-84404.849194
-84735.409982,-84735.409986,-84735.409983
-84368.623060,-84367.825953,-84368.623060
-83581.415340,-83580.445198,-83580.445198
-82889.267100,-82889.267105,-82889.267105
-83902.219266,-83902.207886,-83902.236558
-84796.076895,-84795.558478,-84795.558478
-84663.446200,-84663.419348,-84662.990804
-84514.269702,-84514.269708,-84514.269703
-84302.569532,-84302.569543,-84302.569532
-83186.027156,-83186.027161,-83186.027158
-84272.833290,-84272.833300,-84272.833294
-84498.159811,-84498.065506,-84498.053067
-84593.364839,-84593.364848,-84593.364849
-83757.276510,-83757.276512,-83757.276511
-84169.191259,-84168.720119,-84168.274238
-83657.428343,-83657.428391,-83657.428342
-84256.205800,-84256.205800,-84256.205800
-84532.953481,-84532.953499,-84533.041561
-83246.909385,-83246.909386,-83246.909392
-84294.676968,-84294.673791,-84294.170049
-84249.553716,-84249.553722,-84249.553719
-84739.024846,-84739.024915,-84739.024900
-83920.634808,-83920.634808,-83920.634808
-83690.725387,-83690.065463,-83689.936063
-84522.642912,-84522.444629,-84522.444630
-82931.410955,-82931.410961,-82931.411049
-83514.161689,-83514.161747,-83514.161760
-84154.187987,-84153.658179,-84153.519939
-84222.511977,-84222.451772,-84222.511977
-83622.381293,-83622.381311,-83622.381453
-83844.013675,-83844.013676,-83844.013676
-84308.002967,-84307.990668,-84307.990941
-84610.499314,-84610.326660,-84610.326867
-84975.811581,-84975.563567,-84975.558536
-83379.381800,-83379.311299,-83379.308752
-84513.710042,-84513.710101,-84513.710076
-83968.521095,-83968.521159,-83968.521165
-83261.984747,-83261.984752,-83261.984747
-83619.563684,-83619.404719,-83618.626890
-83635.779342,-83635.779359,-83635.779364
-83330.581332,-83330.581386,-83330.581374
-83286.514575,-83286.514364,-83286.514184
-85193.488530,-85193.488615,-85193.488531
-84636.002370,-84636.002370,-84636.002370
-83453.555588,-83453.555588,-83453.555596
-84329.889542,-84329.889551,-84329.889561
-84360.043920,-84360.043921,-84360.043920
-84123.665334,-84123.207425,-84123.207830
-84090.584753,-84089.958944,-84089.123619
-84115.926575,-84115.884651,-84115.882240
-84112.024061,-84111.724136,-84111.724137
-83461.086415,-83460.780390,-83460.780390
-84236.001614,-84236.001615,-84236.244509
-83581.499541,-83581.499555,-83581.499548
-83798.214110,-83798.214129,-83798.214124
-84074.421639,-84073.134505,-84073.114553
-84086.353743,-84086.353823,-84086.353830
-84241.121810,-84240.846918,-84240.755320
-85185.104213,-85185.104215,-85185.104222
-83921.686653,-83921.685333,-83920.201646
-82931.076708,-82931.008714,-82930.995771
-84129.097952,-84129.081892,-84129.080495
-83918.407248,-83918.407249,-83918.407249
-83957.577910,-83957.577953,-83957.577951
-83852.949898,-83852.820419,-83852.818376
-82616.955306,-82616.708036,-82616.705235
-84162.448529,-84162.448535,-84162.448530
-84391.436459,-84391.436294,-84391.435871
-83744.788274,-83744.566332,-83744.564963
-83996.630487,-83996.630487,-83996.630543
-85147.767128,-85147.767131,-85147.767128
-83311.853941,-83311.853950,-83311.853945
-84213.363883,-84213.363889,-84213.364555
-83675.971761,-83674.607498,-83674.602702
-84154.487605,-84154.487616,-84154.487611
-83484.251395,-83480.885518,-83480.873314
-83264.809724,-83264.809890,-83264.809818
-83320.033990,-83319.095007,-83319.103094
-83065.797408,-83065.797430,-83065.797409
-83713.004417,-83712.260859,-83711.958336
-83661.242609,-83661.242639,-83661.242609
-84873.507364,-84873.507367,-84873.507366
-83802.052241,-83802.052241,-83802.052304
-83135.609126,-83135.527946,-83135.593904
-84200.999028,-84200.999028,-84200.964631
-83989.324898,-83988.829019,-83988.829018
-82778.631205,-82778.631205,-82778.631205
-84076.696239,-84076.696239,-84076.696239
-84765.911923,-84765.129429,-84765.124867
-83491.477189,-83491.477189,-83491.477190
-83830.953533,-83830.953533,-83830.953533
-83575.570435,-83574.864836,-83573.146432
-83391.819237,-83391.800287,-83390.913875
-84161.319764,-84160.094531,-84160.094531
-83855.768703,-83855.768725,-83855.768711
-83875.057302,-83875.057375,-83875.057344
-83868.720692,-83868.720735,-83868.720734
-83353.626288,-83353.626295,-83353.626375
-84550.601493,-84548.797752,-84548.766825
-84401.158987,-84401.159018,-84401.158987
-84712.534349,-84712.534949,-84711.808637
-83768.061585,-83768.061862,-83768.061585
-84154.428041,-84154.428041,-84154.428045
-83697.020057,-83697.020184,-83697.020170
-83370.276454,-83370.276480,-83370.276483
-83983.965103,-83983.965111,-83983.965106
-84223.170194,-84223.170201,-84223.170198
-84022.332582,-84022.332582,-84022.332582
-83710.842407,-83710.842416,-83710.842419
-84332.027263,-84332.027365,-84332.027324
-85017.079141,-85017.027644,-85017.027112
-83630.359461,-83630.359659,-83630.365295
-83906.729853,-83906.325742,-83906.322104
-84252.275123,-84252.275123,-84251.916011
-83104.930561,-83104.930606,-83104.930605
-83987.469607,-83987.469735,-83987.469688
-84368.287292,-84368.287301,-84368.287302
-83515.724903,-83515.717347,-83515.670889
-83271.631611,-83271.631632,-83271.631638
-84321.328518,-84321.323266,-84321.321750
-84467.939382,-84467.939382,-84467.939410
-83187.357513,-83187.357515,-83187.357518
-83644.033380,-83644.033381,-83644.033417
-84093.910319,-84093.639573,-84093.619350
-83695.182743,-83695.182744,-83695.182744
-84328.020855,-84328.011143,-84328.009580
-84123.632527,-84122.466121,-84121.325766
-83741.768996,-83741.693735,-83741.694811
-84526.613637,-84526.352911,-84526.357492
-85020.410952,-85020.410954,-85020.411007
-84145.217979,-84145.217998,-84145.217979
-83515.150234,-83515.150330,-83515.150281
-84342.872724,-84342.872724,-84342.872724
-84318.200877,-84318.200947,-84318.200953
-83805.466114,-83804.396322,-83804.396321
-83840.448838,-83840.448902,-83840.448888
-84222.273716,-84222.273776,-84222.273729
-83404.587243,-83404.587244,-83404.321942
-84719.690380,-84719.690459,-84719.690414
-84570.614986,-84570.296243,-84570.289079
-83328.884099,-83328.719223,-83327.912898
-83263.789950,-83263.789950,-83263.789964
-83743.802173,-83743.802173,-83743.802173
-84044.093265,-84044.093265,-84044.093303
-83614.731404,-83614.731404,-83614.731404
-85143.986473,-85143.986473,-85143.986473
-84060.559876,-84060.559876,-84060.559876
-83777.876546,-83777.880626,-83777.876551
-84219.657594,-84218.779038,-84218.737330
-83495.689829,-83495.689829,-83495.689832
-84772.810461,-84772.810581,-84772.789624
-84117.345630,-84117.345634,-84117.345630
-84266.834908,-84266.834909,-84266.834911
-84291.581714,-84291.618566,-84291.583200
-83474.752042,-83474.752057,-83474.752042
-83033.565490,-83033.565496,-83032.325704
-83992.931399,-83992.931399,-83992.931419
-84198.686284,-84197.805276,-84197.325508
-83696.016079,-83696.016079,-83696.016079
-83938.329373,-83938.329378,-83938.329373
-84813.076992,-84812.706076,-84812.699649
-83613.323921,-83613.249822,-83612.257686
-83934.170283,-83934.170340,-83934.170355
-84055.197762,-84055.125414,-84055.125679
-83822.817685,-83822.817686,-83822.817689
-83721.318603,-83721.318603,-83721.318603
-84684.182494,-84684.182597,-84684.182569
-84023.679395,-84021.827820,-84020.778965
-84365.867048,-84365.867054,-84365.638074
-83101.653037,-83101.653041,-83101.653037
-84117.015757,-84116.887490,-84116.889591
-83872.581112,-83872.581128,-83872.581123
-83769.174249,-83769.174249,-83769.174265
-83933.341044,-83933.341045,-83930.838746
-83367.404636,-83367.404861,-83367.404729
-84701.845671,-84701.464561,-84701.464564
-83942.253062,-83941.962081,-83941.960573
-83229.036177,-83229.036178,-83229.036177
-83416.293719,-83416.293724,-83416.293738
-84002.362224,-84002.362275,-84002.362259
-84736.711771,-84736.711775,-84736.711771
-84576.683268,-84576.259874,-84576.342477
-83781.008481,-83780.424717,-83780.360649
-84399.039240,-84399.039252,-84399.039241
-83373.989079,-83373.989082,-83373.989079
-84018.505617,-84018.042414,-84018.042415
-83951.758893,-83951.737928,-83951.737210
-84126.544520,-84126.544534,-84126.544520
-83882.319076,-83882.319091,-83882.319125
-84274.103560,-84274.103570,-84274.103569
-83722.751585,-83722.751586,-83722.751586
-83943.626762,-83942.137927,-83943.625095
-83650.656675,-83650.647190,-83650.646689
-83670.744630,-83670.744631,-83670.744634
-84757.865833,-84757.865843,-84757.702110
-83492.889754,-83492.886266,-83491.988221
-83708.620753,-83708.558658,-83708.505224
-83274.281097,-83273.991977,-83273.976118
-84188.616677,-84187.691554,-84187.020569
-83554.671483,-83554.661997,-83554.671342
-83409.098160,-83409.098159,-83409.098161
-84526.473238,-84526.322117,-84526.320318
-84073.130002,-84073.130007,-84072.883708
-84153.821763,-84153.711170,-84153.710112
-83742.891286,-83741.942065,-83741.757875
-84395.016621,-84393.882891,-84393.884221
-84052.527796,-84052.527941,-84052.527797
-83887.065608,-83887.065608,-83887.065608
-83997.776546,-83997.776550,-83997.776549
-84957.990238,-84957.990245,-84957.990238
-84796.227792,-84796.197922,-84796.212301
-83380.438956,-83378.490651,-83378.307979
-83236.598100,-83235.876247,-83236.225782
-83601.427960,-83600.890777,-83600.900161
-83880.179645,-83880.179675,-83880.179692
-84232.624613,-84232.624863,-84232.624613
-84267.194797,-84267.154496,-84267.155130
-83190.713357,-83188.899454,-83188.879871
-83865.847354,-83865.847389,-83865.847424
-84434.479754,-84434.059718,-84433.862446
-85009.928403,-85009.928480,-85009.511277
-84085.379320,-84085.379327,-84085.379571
-84120.032689,-84120.032923,-84120.032907
-83836.787841,-83836.787847,-83836.787841
-84451.686173,-84451.686178,-84451.686175
-84591.249712,-84590.792476,-84590.332292
-83508.746953,-83508.746964,-83508.746954
-83511.892388,-83511.078934,-83511.076074
-83660.172552,-83660.172553,-83660.172590
-83610.375775,-83610.326510,-83610.326730
-84922.525636,-84922.525636,-84922.525671
-83840.441871,-83840.441879,-83840.268874
-83943.763729,-83943.763754,-83943.763730
-83731.578700,-83729.944493,-83729.937219
-83785.653814,-83785.477806,-83785.422747
-84599.040287,-84598.172086,-84598.165329
-84149.454598,-84149.376314,-84149.374921
-84250.384016,-84250.207042,-84250.208300
-83662.131724,-83661.123944,-83661.120462
-83502.318875,-83500.132906,-83499.785033
-83387.698104,-83387.697392,-83387.696536
-84953.306057,-84953.305574,-84950.653108
-84645.081796,-84645.081796,-84645.081858
-84685.924565,-84685.924565,-84685.924565
-84082.463046,-84082.463046,-84082.463047
-85327.296462,-85327.297335,-85325.463484
-84825.250864,-84825.250866,-84825.250864
-84410.142143,-84410.142149,-84410.142143
-83353.211416,-83351.523784,-83351.571132
-83803.441605,-83802.995998,-83802.995998
-83273.556161,-83273.556169,-83273.556180
-84283.052440,-84283.052440,-84283.052440
-83623.635205,-83623.635218,-83623.635217
-84787.768569,-84787.768585,-84787.768575
-83704.276546,-83704.276546,-83704.276546
-83653.256896,-83653.224754,-83653.257008
-84303.229430,-84301.765167,-84301.765167
-84136.372323,-84136.372380,-84136.372328
-83590.685048,-83589.762199,-83589.321062
-83695.560215,-83695.560215,-83695.560215
-83739.722155,-83739.722155,-83739.722172
-83395.124509,-83395.085643,-83395.083343
-84405.493444,-84405.493445,-84405.493444
-83834.173684,-83834.172000,-83834.170873
-83194.683217,-83194.683220,-83194.683218
-83978.818088,-83978.680264,-83978.680992
-84394.169141,-84394.169141,-84394.160809
-83526.253065,-83526.253066,-83526.253065
-84176.136963,-84176.136963,-84176.137012
-84003.402024,-84003.402135,-84003.402118
-84362.926363,-84362.926368,-84362.926370
-84183.003601,-84183.003631,-84183.003601
-83534.658935,-83534.658936,-83534.659177
-84388.061648,-84387.956999,-84387.957752
-84711.614464,-84711.281584,-84711.280762
-83417.402887,-83417.402892,-83417.402887
-84093.714218,-84093.714218,-84093.714218
-84825.264516,-84825.264547,-84825.264547
-84464.683496,-84464.355605,-84463.765610
-85506.892729,-85506.892760,-85506.892741
-83489.361057,-83487.320976,-83487.321225
-83891.560376,-83891.560404,-83891.560388
-83051.684555,-83051.684627,-83051.684652
-83850.714209,-83850.714210,-83850.714209
-85077.990702,-85077.990703,-85077.868171
-84023.542063,-84023.542064,-84023.390969
-83399.764375,-83399.516790,-83399.516825
-84544.384015,-84543.932778,-84543.660990
-83343.213335,-83343.205717,-83343.205718
-85419.526878,-85419.526878,-85419.526910
-84600.168069,-84600.168260,-84599.812496
-83853.412972,-83850.245926,-83850.245926
-84351.503134,-84351.503160,-84351.503170
-83752.368504,-83752.368584,-83752.368546
-83553.672008,-83553.672018,-83553.672015
-83892.685503,-83892.685532,-83892.685503
-83365.384327,-83365.384353,-83365.384347
-84883.593114,-84883.175711,-84883.064171
-84986.484942,-84986.484942,-84986.484949
-82918.130672,-82918.130726,-82918.130672
-83957.710691,-83957.586777,-83957.587319
-84467.406847,-84467.406847,-84467.406847
-84331.410162,-84331.410167,-84331.410262
-84161.690623,-84161.690637,-84161.690660
-83482.691469,-83482.685489,-83482.685513
-84182.322942,-84182.322943,-84182.322944
-83538.079134,-83538.079134,-83538.079134
-84180.780583,-84180.780584,-84180.780684
-84325.586004,-84325.586028,-84325.586122
-83574.951301,-83574.951301,-83574.951301
-83833.662670,-83832.826157,-83832.561415
-84721.360775,-84721.360814,-84719.764462
-83622.732793,-83622.388098,-83622.378823
-83412.345011,-83412.201929,-83412.197892
-84179.582657,-84179.582663,-84179.574928
-83536.880460,-83536.871343,-83536.879408
-84420.479875,-84420.479876,-84420.480012
-84848.604155,-84848.604156,-84848.604156
-83915.343831,-83911.233060,-83910.888435
-84308.863468,-84308.863524,-84308.863531
-83321.715644,-83321.658007,-83321.581243
-85132.310977,-85132.058421,-85131.982769
-84456.765276,-84455.807903,-84455.647828
-84052.174569,-84052.174799,-84052.174569
-83688.822163,-83688.822163,-83688.822184
-83358.122783,-83357.801912,-83357.973608
-83680.839018,-83680.839085,-83680.839051
-84582.436090,-84582.436090,-84582.433053
-83773.344228,-83772.171925,-83772.171926
-83945.525435,-83945.525480,-83944.747671
-84332.087095,-84332.007870,-84332.010952
-84012.514815,-84012.514853,-84012.514815
-83943.071565,-83943.071614,-83943.071565
-83993.878346,-83993.878366,-83993.319770
-83792.089192,-83792.089139,-83791.491948
-84481.984526,-84481.984681,-84481.984706
-84347.219376,-84347.219456,-84347.219495
-83191.073904,-83188.089504,-83187.986921
-84222.596559,-84222.596564,-84222.596564
-84358.110432,-84358.110433,-84358.110433
-83150.232164,-83150.130741,-83148.774873
-84938.967674,-84938.397783,-84938.391769
-84192.961651,-84192.946438,-84191.804230
-83870.113052,-83869.388978,-83869.237670
-83912.434026,-83912.434108,-83912.434027
-83745.094222,-83745.094238,-83745.094305
-82323.490741,-82323.490746,-82323.490741
-84250.288476,-84250.294303,-84250.288485
-84311.904909,-84311.904947,-84311.904928
-84251.362209,-84249.126888,-84249.125993
-82979.348785,-82979.348798,-82979.348785
-84246.906982,-84246.906999,-84246.907037
-83606.881987,-83606.882007,-83606.881987
-84273.185189,-84273.157209,-84273.109737
-84583.297396,-84583.297436,-84583.297421
-83475.950490,-83475.944932,-83475.944930
-84573.205991,-84573.206061,-84571.307227
-84116.047811,-84115.967094,-84115.952198
-83928.987322,-83928.987323,-83928.987322
-83569.042617,-83569.042638,-83569.042634
-84052.784817,-84051.995508,-84051.994763
-83499.529180,-83499.529181,-83499.529180
-84031.297935,-84031.297940,-84031.297947
-83549.421885,-83549.127077,-83549.115583
-84011.245602,-84010.753400,-84010.541878
-84437.656777,-84435.730861,-84435.272374
-83863.616465,-83863.616469,-83863.616512
-83633.151782,-83633.151788,-83632.330901
-84011.948244,-84011.870774,-84011.868124
-82953.740497,-82953.740499,-82953.734047
-84068.524635,-84068.524636,-84068.524635
-84177.459586,-84177.459719,-84177.463499
-84490.088956,-84490.089008,-84489.708722
-83495.128177,-83495.128177,-83495.128180
-85386.592485,-85386.592486,-85386.592686
-84627.634934,-84627.633105,-84627.634934
-84292.793353,-84292.793353,-84292.793354
-84474.362428,-84473.683959,-84473.292813
-84039.341779,-84039.083762,-84039.074695
-83427.578389,-83427.578389,-83427.578389
-84129.647306,-84129.647308,-84129.647466
-83908.039203,-83908.039206,-83907.552416
-83774.118960,-83774.118844,-83774.118848
-84365.123500,-84365.123631,-84363.512402
-83988.805890,-83988.805908,-83988.805906
-84134.660140,-84134.145670,-84134.135625
-84276.574674,-84276.574728,-84276.574674
-84386.636977,-84386.628731,-84386.628729
-84502.450630,-84502.450641,-84502.450634
-84015.518683,-84015.276497,-84015.275192
-84788.034794,-84788.034850,-84788.034841
-84267.966250,-84267.757855,-84267.757855
-85357.121806,-85357.085974,-85356.657264
-83747.161052,-83747.161073,-83747.161075
-83449.638910,-83449.267591,-83448.291963
-83576.513792,-83576.074199,-83576.074200
-83797.801990,-83797.802004,-83797.802001
-83850.924170,-83850.850510,-83850.842452
-84361.816748,-84361.816763,-84361.816750
-84182.296758,-84182.280231,-84182.199911
-83658.944589,-83658.944649,-83658.944645
-84371.738116,-84371.738115,-84371.738140
-83775.498973,-83775.463323,-83775.463325
-84141.424414,-84141.424489,-84141.424415
-82083.125031,-82083.125031,-82083.125056
-84511.893874,-84511.893934,-84511.893966
-83731.583812,-83731.583941,-83731.584007
-84578.681373,-84576.591525,-84576.591190
-84459.172781,-84457.486177,-84457.430666
-83682.055851,-83682.037759,-83681.962740
-83726.964137,-83726.964140,-83726.964184
-83345.259190,-83345.259218,-83345.259203
-84209.923966,-84209.352591,-84209.346983
-83245.804302,-83245.804462,-83245.791210
-83138.927079,-83138.927895,-83138.926923
-84192.940570,-84192.937024,-84192.937765
-83976.064310,-83976.032414,-83976.064310
-84644.750857,-84643.992927,-84643.705815
-82439.618819,-82439.618969,-82439.618819
-84274.404484,-84274.404484,-84274.404499
-83960.014217,-83960.013602,-83960.013686
-84032.290182,-84032.290182,-84032.290182
-83509.040345,-83507.919397,-83507.903595
-83996.490013,-83995.735838,-83995.425965
-84033.890658,-84033.870495,-84033.809573
-83279.991554,-83279.960773,-83279.961600
-84605.607364,-84605.607364,-84605.607365
-83892.654407,-83892.257556,-83892.654407
-84124.836590,-84124.836671,-84124.836594
-84472.278282,-84472.258525,-84472.259117
-84263.339432,-84263.323376,-84263.321955
-84402.111663,-84402.111766,-84402.111716
-84025.506587,-84025.506587,-84025.481130
-84305.569234,-84305.569338,-84305.569338
-83614.529130,-83614.022204,-83613.852082
-84323.711064,-84323.700243,-84323.436184
-84749.575061,-84747.968832,-84747.968832
-83302.193522,-83301.750684,-83301.750684
-83939.411858,-83938.202434,-83937.634718
-83861.133897,-83860.442438,-83860.442144
-83389.817886,-83389.817894,-83389.817912
-83418.168576,-83418.171718,-83418.168614
-83845.638817,-83844.232991,-83844.230518
-83027.788529,-83027.720915,-83027.723916
-84605.126551,-84605.126553,-84605.126552
-83729.372927,-83727.381873,-83727.250138
-84326.074456,-84326.074460,-84326.074460
-83273.854795,-83273.854851,-83273.854849
-84651.101638,-84650.739976,-84650.416551
-83997.030514,-83996.923994,-83996.716014
-83551.842024,-83550.872032,-83550.870072
-84877.996904,-84877.887345,-84877.879936
-83389.317360,-83388.906898,-83388.630599
-82682.452574,-82682.443493,-82682.454755
-84372.037360,-84372.037360,-84372.037391
-84784.158262,-84784.158266,-84784.158269
-84013.902476,-84013.902545,-84013.902550
-83367.237463,-83367.237655,-83367.237473
-84233.375090,-84232.939755,-84232.758228
-84331.269794,-84331.269794,-84331.268644
-84028.773657,-84028.773664,-84028.773657
-83049.996186,-83049.993790,-83049.993793
-83398.690328,-83398.690330,-83398.364889
-82646.614030,-82646.614030,-82646.614030
-84595.013020,-84595.013020,-84595.013028
-84507.155089,-84506.929548,-84506.905491
-83754.323007,-83753.831417,-83753.613446
-83330.008416,-83330.008417,-83330.008434
-83197.831178,-83195.755822,-83195.755822
-83497.364228,-83497.364244,-83497.364234
-83663.575443,-83663.575470,-83663.179545
-83669.250114,-83669.236857,-83668.273855
-84669.028393,-84668.995666,-84668.995933
-83983.801943,-83983.801955,-83983.801954
-84174.652589,-84174.652590,-84174.526239
-84526.906656,-84526.906672,-84526.906666
-83508.288527,-83508.288528,-83508.288544
-83701.439452,-83701.439452,-83701.439452
-83605.790277,-83605.790309,-83605.790309
-84627.262547,-84626.447451,-84625.710356
-84126.362360,-84126.347449,-84126.347423
-83528.733451,-83528.733455,-83528.733455
-83603.773394,-83603.773400,-83603.773396
-83216.559745,-83216.559766,-83216.559776
-84266.921399,-84266.917841,-84266.918093
-84043.492294,-84042.794697,-84042.794697
-83759.037036,-83759.037036,-83759.037071
-84174.603297,-84174.603301,-84174.602649
-84551.555855,-84550.610174,-84550.303481
-84588.623365,-84588.607552,-84588.268613
-83160.286338,-83160.286403,-83160.286405
-83703.678508,-83703.678523,-83703.678508
-85375.580843,-85375.580859,-85375.580848
-83409.330771,-83409.330925,-83409.330772
-83864.055192,-83864.055459,-83864.055244
-84017.327431,-84017.033047,-84017.155822
-83636.018108,-83636.018109,-83636.018108
-83586.831846,-83586.828207,-83586.826786
-83886.328694,-83886.328701,-83886.328695
-83388.837703,-83388.837714,-83388.837722
-83874.872384,-83874.841806,-83874.872385
-83830.431747,-83830.431834,-83830.431873
-83967.280399,-83967.280477,-83967.280473
-83529.035446,-83529.035465,-83529.035653
-84305.428889,-84305.428390,-84305.139719
-84227.612525,-84227.612529,-84227.612526
-83687.988063,-83687.301403,-83687.273524
-84148.630060,-84148.518651,-84148.517472
-84017.274821,-84013.984114,-84013.984114
-83836.902145,-83836.902145,-83836.826021
-84600.107794,-84599.524165,-84599.524165
-84247.714406,-84245.998812,-84245.938890
-83826.772010,-83826.772023,-83823.455921
-83931.971869,-83931.891557,-83931.937870
-84543.152125,-84542.435215,-84541.994222
-84862.504711,-84861.443819,-84861.443819
-84539.251205,-84539.251119,-84539.251118
-83908.876463,-83906.421403,-83908.773798
-83039.404152,-83039.404156,-83039.404155
-84137.072683,-84137.071795,-84137.071709
-84212.898000,-84212.526192,-84212.546653
-83845.718957,-83843.520544,-83843.533261
-84854.365552,-84854.230853,-84854.225738
-83472.627164,-83472.139104,-83472.114730
-83183.874961,-83183.874973,-83183.874976
-83072.750989,-83072.751024,-83072.750990
-84534.863936,-84533.772435,-84533.855216
-84924.963415,-84924.963487,-84924.963443
-83677.270833,-83677.270834,-83677.270837
-83442.540083,-83442.447042,-83442.446458
-83823.484859,-83823.484859,-83823.484867
-84715.601600,-84715.601608,-84715.601620
-83822.687656,-83822.687657,-83822.687660
-84169.256085,-84169.256093,-84169.256105
-84275.119219,-84275.119219,-84275.119247
-84176.464985,-84176.443477,-84176.444323
-83163.210362,-83163.149211,-83163.210386
-83222.844031,-83222.844174,-83222.844048
-84286.362002,-84286.362033,-84286.362018
-83908.283065,-83908.283087,-83908.283074
-84541.069532,-84541.069532,-84541.069581
-83288.696618,-83288.651813,-83288.648493
-84292.328068,-84292.314892,-84292.314815
-83675.950967,-83675.950967,-83675.950969
-84032.915272,-84032.915317,-84032.915272
-83317.907665,-83317.805771,-83317.803870
-83530.068654,-83530.068659,-83530.068817
-85149.772123,-85149.541440,-85149.541440
-84048.731377,-84048.731377,-84048.731377
-84551.753730,-84551.715546,-84551.031355
-84761.495777,-84761.495819,-84761.495814
-85146.718192,-85146.599263,-85146.599263
-84078.793551,-84078.793568,-84078.793694
-84770.765146,-84770.765146,-84770.765150
-84058.158222,-84058.139119,-84058.139107
-83682.725515,-83682.725516,-83682.725558
-85392.651586,-85392.651590,-85392.651586
-83351.262173,-83351.116649,-83350.984980
-83675.477410,-83675.477460,-83674.224496
-83666.018888,-83666.018893,-83666.018888
-83959.474424,-83959.474425,-83959.474430
-84645.683435,-84645.683478,-84645.683436
-83215.881987,-83215.882049,-83215.117488
-83420.873345,-83418.263457,-83418.263460
-84810.335775,-84807.230258,-84807.267387
-84206.150968,-84205.329755,-84205.301288
-82989.732467,-82989.732468,-82989.732468
-84188.404345,-84188.404539,-84188.404412
-82820.914588,-82820.914434,-82820.914434
-84561.237028,-84561.237028,-84561.237029
-84477.083151,-84477.083238,-84477.083280
-84277.856968,-84277.456727,-84277.154057
-84506.267538,-84506.267563,-84506.181364
-83877.767826,-83877.767832,-83877.767832
-84309.564743,-84309.139556,-84309.542461
-83576.591722,-83576.471430,-83576.420864
-83662.006370,-83661.557677,-83661.448540
-82894.940504,-82894.940509,-82894.940508
-84129.369457,-84127.839681,-84127.758773
-85045.086138,-85045.086142,-85045.086138
-84561.471582,-84560.842419,-84560.696162
-84104.003697,-84104.003768,-84104.003762
-82927.931787,-82927.931789,-82927.736783
-84191.446562,-84191.446623,-84191.446661
-84728.326452,-84728.326452,-84728.326538
-84226.120282,-84226.120282,-84226.120288
-83400.578475,-83400.213067,-83400.207456
-84009.121701,-84009.121722,-84009.121718
-83783.341635,-83782.893106,-83782.967670
-84472.295298,-84472.292140,-84472.280466
-84208.256103,-84207.459697,-84207.346556
-83872.658358,-83872.658359,-83872.658359
-84925.024408,-84925.024410,-84925.024428
-84434.379680,-84433.042610,-84433.042610
-84612.125535,-84612.125562,-84612.125541
-84589.433006,-84589.433007,-84589.433007
-84118.251670,-84118.251670,-84118.251670
-83827.351075,-83827.350420,-83827.350415
-83819.103453,-83819.103453,-83819.103478
-83364.736737,-83364.736737,-83364.736742
-83927.300664,-83927.300664,-83927.300665
-83571.602777,-83571.599974,-83571.600218
-84022.871230,-84022.871233,-84022.871230
-83263.657169,-83262.982578,-83262.980926
-83993.118873,-83993.118426,-83993.036872
-84590.152720,-84590.152725,-84588.915855
-84274.740560,-84274.740566,-84274.740650
-84594.663668,-84594.663797,-84594.663976
-83589.812891,-83589.812909,-83589.812908
-83509.401230,-83509.401236,-83509.401232
-84661.527614,-84680.818976,-84661.527682
-85119.861553,-85119.861637,-85119.861639
-83773.884270,-83773.884271,-83773.884285
-84534.333701,-84534.333702,-84534.333719
-83223.744763,-83223.744765,-83223.744867
-83405.241285,-83405.241450,-83404.603080
-83574.160649,-83573.871338,-83573.871402
-84864.302345,-84864.229943,-84864.229387
-83171.803360,-83171.783352,-83171.783382
-83901.036481,-83900.836282,-83900.837053
-83836.270675,-83835.985432,-83835.984010
-83199.230555,-83199.183884,-83199.183775
-84202.105209,-84202.005273,-84202.105210
-84445.942567,-84445.942574,-84445.942578
-84286.685069,-84286.685061,-84286.685054
-84364.771570,-84364.110632,-84363.978022
-84163.163799,-84163.163876,-84163.163805
-85227.723964,-85227.724013,-85226.356054
-83892.033968,-83892.033969,-83892.033968
-84453.242833,-84453.184588,-84453.177125
-84188.077569,-84187.716756,-84187.384567
-83922.474090,-83922.474134,-83922.474125
-83886.582097,-83886.582102,-83886.582098
-84167.988153,-84166.473303,-84166.469603
-84238.942418,-84238.942418,-84238.942449
-83312.080659,-83312.080711,-83312.080660
-84574.073463,-84573.578414,-84573.574573
-84927.552510,-84927.552512,-84925.467381
-83085.296989,-83085.238305,-83084.853808
-84186.008906,-84185.928722,-84185.844540
-83799.075395,-83799.075431,-83799.075406
-82947.302449,-82947.302449,-82947.302454
-83378.425119,-83378.425222,-83378.425208
-84981.040566,-84978.782278,-84977.771449
-84342.359409,-84342.090928,-84342.092574
-84361.423211,-84361.411611,-84361.415321
-83602.677135,-83602.472875,-83602.476438
-83298.624847,-83298.624861,-83298.624856
-83544.329891,-83544.329899,-83544.329891
-83745.902710,-83745.902710,-83745.902711
-84311.781641,-84311.161404,-84311.174184
-84861.400997,-84861.398018,-84861.397944
-83886.879458,-83886.868299,-83886.879458
-83852.975504,-83852.975510,-83852.975504
-84245.878792,-84245.878928,-84245.284658
-84064.144076,-84064.144076,-84064.144096
-83028.453091,-83028.453102,-83028.453099
-83255.225592,-83254.790492,-83255.141722
-82982.263963,-82981.561368,-82981.561368
-83576.487623,-83576.462342,-83576.174893
-83618.199073,-83618.199097,-83617.652833
-83610.539117,-83610.539118,-83610.539312
-84116.273716,-84116.273800,-84116.273892
-83937.159543,-83937.159595,-83937.159603
-83987.231915,-83987.231945,-83987.231941
-83340.636100,-83340.636101,-83340.133500
-84485.197986,-84485.188302,-84485.140386
-85382.232059,-85382.230820,-85382.131766
-84155.516799,-84155.516802,-84155.516805
-83894.332037,-83893.706200,-83893.706199
-83825.233027,-83825.200383,-83825.197772
-83171.370148,-83171.370210,-83170.827310
-83407.510717,-83407.510805,-83407.510717
-83986.383039,-83986.383040,-83986.383101
-84584.100703,-84584.100794,-84584.102003
-84604.792061,-84604.792064,-84604.792064
-83964.048376,-83964.048210,-83964.048376
-83905.587098,-83905.587099,-83905.304843
-83894.922178,-83894.922184,-83894.922180
-83884.076809,-83882.836051,-83882.836051
-84568.031075,-84568.031088,-84568.031076
-84358.172640,-84355.634469,-84354.537778
-84395.446918,-84395.384228,-84395.382362
-84631.806160,-84631.577911,-84631.577386
-83750.756651,-83750.756651,-83750.756651
-84726.449372,-84726.449379,-84726.449426
-85278.350323,-85278.350395,-85278.350553
-84400.463021,-84399.846852,-84400.805268
-84510.657523,-84510.657545,-84510.657535
-83905.515752,-83905.515828,-83905.515849
-85115.142432,-85115.142450,-85115.142511
-83572.477558,-83572.477589,-83571.460200
-83310.108895,-83310.108928,-83310.108927
-83933.891217,-83933.891231,-83933.891248
-83465.822745,-83465.682011,-83465.455615
-83268.496589,-83268.496664,-83268.432431
-83588.046486,-83588.046490,-83588.046687
-84107.922288,-84107.929734,-84107.922373
-83289.518454,-83289.518614,-83288.614763
-83720.855051,-83720.671342,-83720.839948
-84035.986533,-84035.986561,-84035.986579
-84197.446753,-84197.446799,-84197.446809
-84231.575887,-84230.635254,-84230.630278
-83593.498895,-83593.457332,-83593.457332
-83328.036042,-83327.986362,-83327.986717
-83111.111232,-83109.989645,-83109.985773
-83793.359878,-83793.359927,-83793.359903
-85321.014788,-85319.915308,-85319.869578
-84046.557422,-84046.549635,-84046.480623
-84037.942607,-84037.749815,-84037.598473
-83377.010065,-83377.010065,-83377.010064
-83325.659023,-83325.635555,-83322.157475
-83271.298718,-83271.013329,-83271.013329
-84539.242457,-84539.126342,-84539.126356
-84664.712637,-84663.529254,-84664.712642
-84627.143694,-84627.120400,-84627.120575
-84970.588539,-84969.581999,-84969.582041
-83159.508570,-83158.935560,-83158.924474
-84217.630651,-84216.585509,-84216.585509
-83412.078390,-83412.012051,-83412.013407
-84101.022199,-84099.576754,-84099.575396
-84444.297637,-84444.297645,-84444.297645
-84611.566748,-84611.179966,-84611.092200
-83403.753366,-83403.753431,-83403.753443
-83669.579421,-83669.579429,-83669.579427
-83965.571753,-83965.571752,-83964.328647
-83791.520324,-83791.520330,-83791.520325
-83727.180108,-83727.153904,-83727.165984
-82904.282078,-82903.842953,-82903.837689
-84642.071723,-84641.319269,-84641.319269
-84062.781066,-84062.781154,-84062.781131
-83778.916072,-83778.916073,-83778.916073
-84041.154894,-84041.154914,-84041.154908
-83350.913553,-83350.913619,-83350.913614
-83743.510849,-83743.206206,-83742.139177
-83992.453903,-83992.431951,-83992.238905
-83538.610267,-83538.610268,-83538.610268
-83147.269884,-83147.269814,-83147.269885
-84690.290395,-84690.290422,-84690.290402
-84323.587004,-84323.587004,-84323.585665
-84040.302374,-84040.302375,-84040.302375
-84539.459226,-84539.459226,-84539.459325
-84261.047270,-84261.047274,-84261.024891
-84102.346997,-84102.019803,-84102.017677
-84321.661746,-84321.661787,-84321.661746
-84438.636974,-84438.636983,-84438.636978
-84145.764659,-84145.764708,-84145.764674
-84267.882890,-84267.682570,-84267.646982
-84298.879861,-84298.879863,-84298.879862
-84838.462226,-84838.263358,-84838.261794
-83856.553070,-83856.450695,-83856.483073
-84342.192326,-84342.192332,-84342.192326
-83967.732096,-83967.732185,-83967.732096
-84099.505500,-84099.505500,-84098.900908
-84157.106863,-84157.107010,-84157.106863
-84204.002654,-84204.002973,-84203.725338
-85370.838878,-85370.838883,-85370.838884
-83929.894418,-83929.894466,-83929.894452
-84225.416766,-84224.948612,-84224.944883
-83188.816367,-83187.536407,-83187.458722
-83878.173877,-83878.173885,-83877.812252
-84284.020312,-84283.891252,-84283.880097
-83777.369209,-83777.369215,-83777.369212
-83785.348741,-83784.748832,-83784.686827
-84455.525975,-84455.525986,-84454.989540
-83557.191549,-83557.191604,-83557.191746
-84366.128405,-84366.128410,-84366.128405
-84035.257857,-84035.257858,-84035.257860
-84159.383052,-84159.383063,-84159.383060
-83793.873301,-83793.873301,-83793.873301
-83440.226725,-83439.915210,-83439.915181
-83279.579574,-83278.853673,-83278.830829
-85649.025294,-85649.025319,-85649.025305
-83488.102026,-83488.102026,-83488.102044
-84421.592193,-84419.730871,-84419.728572
-84538.757160,-84538.732699,-84538.730373
-83550.300545,-83550.300663,-83550.300653
-83344.067771,-83344.067781,-83344.067771
-84381.753651,-84380.984707,-84380.880565
-84219.504385,-84219.504412,-84219.504398
-84306.931556,-84306.931573,-84306.931586
-83843.382949,-83843.192615,-83843.179011
-83597.342909,-83597.342909,-83597.342909
-84408.082744,-84408.082766,-84407.961141
-85055.416801,-85055.157337,-85055.155746
-84837.484335,-84837.484391,-84837.484404
-84210.384196,-84210.384201,-84210.384200
-84467.706575,-84467.706589,-84467.706589
-84910.834550,-84910.834552,-84910.834555
-84166.429397,-84166.427721,-84166.427711
-83540.080160,-83540.080068,-83540.080071
-83924.813768,-83924.813775,-83924.813773
-84510.335987,-84510.335988,-84510.336066
-84606.560835,-84604.987663,-84604.987663
-83350.957727,-83350.775659,-83350.778445
-84235.233816,-84235.233816,-84235.233819
-85049.507143,-85049.352650,-85049.352586
-84566.299902,-84565.316989,-84565.282373
-83781.103826,-83781.103235,-83779.479266
-83461.343162,-83461.222924,-83461.181916
-84444.273685,-84444.273699,-84443.886756
-84139.048407,-84139.048407,-84139.048407
-82964.738977,-82964.738977,-82964.738991
-83689.946810,-83689.946814,-83689.946892
-84336.856658,-84336.206538,-84336.081963
-84542.843375,-84542.843508,-84542.843388
-84188.356818,-84188.356892,-84187.092784
-84941.778376,-84941.778425,-84941.749375
-84344.959927,-84344.774153,-84344.815360
-84133.671212,-84133.569447,-84130.860144
-84129.501964,-84129.501966,-84129.501967
-84944.277330,-84944.277503,-84944.277405
-84233.787597,-84233.787686,-84233.562942
-84253.278285,-84253.243014,-84253.243014
-84590.836066,-84590.836173,-84590.836082
-83682.328739,-83682.328857,-83682.328738
-85305.546954,-85305.538891,-85305.538833
-83525.932163,-83525.497685,-83524.862022
-84290.394842,-84290.130898,-84290.124201
-84516.991226,-84516.991226,-84516.991261
-84312.047068,-84312.047075,-84312.047071
